{
  "top_100": {
    "n_snps_requested": 100,
    "n_snps_found": 96,
    "n_samples": 5570,
    "n_ad": 3837,
    "n_control": 1733,
    "rf_auc": 0.6861215266483104,
    "rf_acc": 0.6940754039497307,
    "tabnet_auc": 0.5869913035841228,
    "tabnet_acc": 0.3859964093357271,
    "ensemble_auc": 0.6864672658376445,
    "ensemble_acc": 0.6929982046678635,
    "simple_avg_auc": 0.6380965636472161,
    "meta_rf_coef": 3.2172966569025068,
    "meta_tab_coef": 0.1395348306265558
  },
  "top_500": {
    "n_snps_requested": 500,
    "n_snps_found": 475,
    "n_samples": 5570,
    "n_ad": 3837,
    "n_control": 1733,
    "rf_auc": 0.6707355311758546,
    "rf_acc": 0.681508078994614,
    "tabnet_auc": 0.5591336578980651,
    "tabnet_acc": 0.49676840215439855,
    "ensemble_auc": 0.6739711025801709,
    "ensemble_acc": 0.6910233393177738,
    "simple_avg_auc": 0.6699141186259882,
    "meta_rf_coef": 2.5214630655639176,
    "meta_tab_coef": 1.0457868993904216
  },
  "top_1000": {
    "n_snps_requested": 1000,
    "n_snps_found": 939,
    "n_samples": 5570,
    "n_ad": 3837,
    "n_control": 1733,
    "rf_auc": 0.6907533640393045,
    "rf_acc": 0.6892280071813286,
    "tabnet_auc": 0.5422942494654879,
    "tabnet_acc": 0.5271095152603231,
    "ensemble_auc": 0.6915819199608512,
    "ensemble_acc": 0.696229802513465,
    "simple_avg_auc": 0.6548956684248384,
    "meta_rf_coef": 3.177037002858881,
    "meta_tab_coef": 0.40703972093694046
  },
  "bottom_100": {
    "n_snps_requested": 100,
    "n_snps_found": 91,
    "rf_auc": 0.5158503146316855,
    "rf_acc": 0.6786355475763016,
    "tabnet_auc": 0.5074985100430541,
    "tabnet_acc": 0.46481149012567324,
    "ensemble_auc": 0.5180902504105183,
    "ensemble_acc": 0.6888689407540395,
    "simple_avg_auc": 0.510407892538425,
    "meta_rf_coef": 0.5896871765244656,
    "meta_tab_coef": 0.12949870845852096
  },
  "bottom_500": {
    "n_snps_requested": 500,
    "n_snps_found": 460,
    "rf_auc": 0.5692391226375554,
    "rf_acc": 0.6536804308797127,
    "tabnet_auc": 0.5079070357097902,
    "tabnet_acc": 0.5949730700179533,
    "ensemble_auc": 0.5691629517374259,
    "ensemble_acc": 0.6892280071813286,
    "simple_avg_auc": 0.5554318874998665,
    "meta_rf_coef": 1.4166041160514709,
    "meta_tab_coef": 0.1892718843189475
  },
  "bottom_1000": {
    "n_snps_requested": 1000,
    "n_snps_found": 905,
    "rf_auc": 0.6099963440975673,
    "rf_acc": 0.6750448833034112,
    "tabnet_auc": 0.5023046020908875,
    "tabnet_acc": 0.5253141831238779,
    "ensemble_auc": 0.6100089765864338,
    "ensemble_acc": 0.6859964093357271,
    "simple_avg_auc": 0.5598197975463195,
    "meta_rf_coef": 2.591133466240966,
    "meta_tab_coef": -0.037359656263218695
  }
}